video_name,frame_path,frame_idx,timestamp,saved_count,is_transition,edge_change,is_occluded,skin_ratio,content_fullness,frame_quality,board_type,video_fps,video_total_frames,source_video
input_video_4,data\frames\input_video_4\input_video_4_frame_00000_0.00s.jpg,0,0.0,0,False,0.0,0,0.010086805555555555,0.5126475694444445,0.67376692333372,ppt,30.0,8665,data\raw_videos\input_video_4.mp4
input_video_4,data\frames\input_video_4\input_video_4_frame_00001_1.00s.jpg,30,1.0,1,False,0.12249831551727278,0,0.012196180555555556,0.5126085069444445,0.6759479515103464,ppt,30.0,8665,data\raw_videos\input_video_4.mp4
input_video_4,data\frames\input_video_4\input_video_4_frame_00002_2.00s.jpg,60,2.0,2,False,0.12243457833299948,0,0.01220920138888889,0.5125998263888889,0.6759451971426286,ppt,30.0,8665,data\raw_videos\input_video_4.mp4
input_video_4,data\frames\input_video_4\input_video_4_frame_00003_3.00s.jpg,90,3.0,3,False,0.12249831551727278,0,0.012196180555555556,0.5126085069444445,0.6759479515103464,ppt,30.0,8665,data\raw_videos\input_video_4.mp4
input_video_4,data\frames\input_video_4\input_video_4_frame_00004_4.00s.jpg,120,4.0,4,False,0.12243457833299948,0,0.01220920138888889,0.5125998263888889,0.6759451971426286,ppt,30.0,8665,data\raw_videos\input_video_4.mp4
input_video_4,data\frames\input_video_4\input_video_4_frame_00005_5.00s.jpg,150,5.0,5,False,0.03866570757379855,0,0.011879340277777779,0.512578125,0.6756671726310902,ppt,30.0,8665,data\raw_videos\input_video_4.mp4
input_video_4,data\frames\input_video_4\input_video_4_frame_00006_6.00s.jpg,180,6.0,6,False,0.03864066796569118,0,0.011901041666666667,0.5125824652777777,0.6756630707848542,ppt,30.0,8665,data\raw_videos\input_video_4.mp4
input_video_4,data\frames\input_video_4\input_video_4_frame_00007_7.00s.jpg,210,7.0,7,False,0.03866570757379855,0,0.011879340277777779,0.512578125,0.6756671726310902,ppt,30.0,8665,data\raw_videos\input_video_4.mp4
input_video_4,data\frames\input_video_4\input_video_4_frame_00008_8.00s.jpg,240,8.0,8,False,0.03864066796569118,0,0.011901041666666667,0.5125824652777777,0.6756630707848542,ppt,30.0,8665,data\raw_videos\input_video_4.mp4
input_video_4,data\frames\input_video_4\input_video_4_frame_00009_8.83s.jpg,265,8.833333333333334,9,True,22.539744687050426,0,0.00042100694444444444,0.09153645833333333,0.5471183950087064,smartboard,30.0,8665,data\raw_videos\input_video_4.mp4
input_video_4,data\frames\input_video_4\input_video_4_frame_00010_9.00s.jpg,270,9.0,10,False,0.01971982954855863,0,0.0004166666666666667,0.09151475694444444,0.5471717143675736,smartboard,30.0,8665,data\raw_videos\input_video_4.mp4
input_video_4,data\frames\input_video_4\input_video_4_frame_00011_10.00s.jpg,300,10.0,11,False,0.01882978529674212,0,0.0004123263888888889,0.09151475694444444,0.54717586757332,smartboard,30.0,8665,data\raw_videos\input_video_4.mp4
input_video_4,data\frames\input_video_4\input_video_4_frame_00012_11.00s.jpg,330,11.0,12,False,0.01882978529674212,0,0.0004166666666666667,0.09151475694444444,0.5471717143675736,smartboard,30.0,8665,data\raw_videos\input_video_4.mp4
input_video_4,data\frames\input_video_4\input_video_4_frame_00013_12.00s.jpg,360,12.0,13,False,0.01882978529674212,0,0.0004123263888888889,0.09151475694444444,0.54717586757332,smartboard,30.0,8665,data\raw_videos\input_video_4.mp4
input_video_4,data\frames\input_video_4\input_video_4_frame_00014_13.00s.jpg,390,13.0,14,False,0.019890554149290696,0,0.00040364583333333333,0.0915017361111111,0.5471918498493388,smartboard,30.0,8665,data\raw_videos\input_video_4.mp4
input_video_4,data\frames\input_video_4\input_video_4_frame_00015_14.00s.jpg,420,14.0,15,False,0.01987461985322237,0,0.0004123263888888889,0.0915017361111111,0.5471791064097886,smartboard,30.0,8665,data\raw_videos\input_video_4.mp4
input_video_4,data\frames\input_video_4\input_video_4_frame_00016_15.00s.jpg,450,15.0,16,False,0.019890554149290696,0,0.00040364583333333333,0.0915017361111111,0.5471918498493388,smartboard,30.0,8665,data\raw_videos\input_video_4.mp4
input_video_4,data\frames\input_video_4\input_video_4_frame_00017_16.00s.jpg,480,16.0,17,False,0.01987461985322237,0,0.0004123263888888889,0.0915017361111111,0.5471791064097886,smartboard,30.0,8665,data\raw_videos\input_video_4.mp4
input_video_4,data\frames\input_video_4\input_video_4_frame_00018_17.00s.jpg,510,17.0,18,False,0.019890554149290696,0,0.00040364583333333333,0.0915017361111111,0.5471918498493388,smartboard,30.0,8665,data\raw_videos\input_video_4.mp4
input_video_4,data\frames\input_video_4\input_video_4_frame_00019_18.00s.jpg,540,18.0,19,False,0.01987461985322237,0,0.0004123263888888889,0.0915017361111111,0.5471791064097886,smartboard,30.0,8665,data\raw_videos\input_video_4.mp4
input_video_4,data\frames\input_video_4\input_video_4_frame_00020_19.00s.jpg,570,19.0,20,False,0.019890554149290696,0,0.00040364583333333333,0.0915017361111111,0.5471918498493388,smartboard,30.0,8665,data\raw_videos\input_video_4.mp4
input_video_4,data\frames\input_video_4\input_video_4_frame_00021_20.00s.jpg,600,20.0,21,False,0.01987461985322237,0,0.0004123263888888889,0.0915017361111111,0.5471791064097886,smartboard,30.0,8665,data\raw_videos\input_video_4.mp4
input_video_4,data\frames\input_video_4\input_video_4_frame_00022_21.00s.jpg,630,21.0,22,False,0.019890554149290696,0,0.00040364583333333333,0.0915017361111111,0.5471918498493388,smartboard,30.0,8665,data\raw_videos\input_video_4.mp4
input_video_4,data\frames\input_video_4\input_video_4_frame_00023_22.00s.jpg,660,22.0,23,False,0.01987461985322237,0,0.0004123263888888889,0.0915017361111111,0.5471791064097886,smartboard,30.0,8665,data\raw_videos\input_video_4.mp4
input_video_4,data\frames\input_video_4\input_video_4_frame_00024_23.00s.jpg,690,23.0,24,False,0.019890554149290696,0,0.00040364583333333333,0.0915017361111111,0.5471918498493388,smartboard,30.0,8665,data\raw_videos\input_video_4.mp4
input_video_4,data\frames\input_video_4\input_video_4_frame_00025_24.00s.jpg,720,24.0,25,False,0.01987461985322237,0,0.0004123263888888889,0.0915017361111111,0.5471791064097886,smartboard,30.0,8665,data\raw_videos\input_video_4.mp4
input_video_4,data\frames\input_video_4\input_video_4_frame_00026_25.00s.jpg,750,25.0,26,False,0.019890554149290696,0,0.00040364583333333333,0.0915017361111111,0.5471918498493388,smartboard,30.0,8665,data\raw_videos\input_video_4.mp4
input_video_4,data\frames\input_video_4\input_video_4_frame_00027_26.00s.jpg,780,26.0,27,False,0.01987461985322237,0,0.0004123263888888889,0.0915017361111111,0.5471791064097886,smartboard,30.0,8665,data\raw_videos\input_video_4.mp4
input_video_4,data\frames\input_video_4\input_video_4_frame_00028_27.00s.jpg,810,27.0,28,False,0.019890554149290696,0,0.00040364583333333333,0.0915017361111111,0.5471918498493388,smartboard,30.0,8665,data\raw_videos\input_video_4.mp4
input_video_4,data\frames\input_video_4\input_video_4_frame_00029_28.00s.jpg,840,28.0,29,False,0.01987461985322237,0,0.0004123263888888889,0.0915017361111111,0.5471791064097886,smartboard,30.0,8665,data\raw_videos\input_video_4.mp4
input_video_4,data\frames\input_video_4\input_video_4_frame_00030_29.00s.jpg,870,29.0,30,False,0.019890554149290696,0,0.00040364583333333333,0.0915017361111111,0.5471918498493388,smartboard,30.0,8665,data\raw_videos\input_video_4.mp4
input_video_4,data\frames\input_video_4\input_video_4_frame_00031_30.00s.jpg,900,30.0,31,False,0.021240416659078908,0,0.0004123263888888889,0.0915017361111111,0.5471791880891543,smartboard,30.0,8665,data\raw_videos\input_video_4.mp4
input_video_4,data\frames\input_video_4\input_video_4_frame_00032_31.00s.jpg,930,31.0,32,False,0.019890554149290696,0,0.00040364583333333333,0.0915017361111111,0.5471918498493388,smartboard,30.0,8665,data\raw_videos\input_video_4.mp4
input_video_4,data\frames\input_video_4\input_video_4_frame_00033_32.00s.jpg,960,32.0,33,False,0.01987461985322237,0,0.0004123263888888889,0.0915017361111111,0.5471791064097886,smartboard,30.0,8665,data\raw_videos\input_video_4.mp4
input_video_4,data\frames\input_video_4\input_video_4_frame_00034_33.00s.jpg,990,33.0,34,False,0.019890554149290696,0,0.00040364583333333333,0.0915017361111111,0.5471918498493388,smartboard,30.0,8665,data\raw_videos\input_video_4.mp4
input_video_4,data\frames\input_video_4\input_video_4_frame_00035_34.00s.jpg,1020,34.0,35,False,0.01987461985322237,0,0.0004123263888888889,0.0915017361111111,0.5471791064097886,smartboard,30.0,8665,data\raw_videos\input_video_4.mp4
input_video_4,data\frames\input_video_4\input_video_4_frame_00036_35.00s.jpg,1050,35.0,36,False,0.019890554149290696,0,0.00040364583333333333,0.0915017361111111,0.5471918498493388,smartboard,30.0,8665,data\raw_videos\input_video_4.mp4
input_video_4,data\frames\input_video_4\input_video_4_frame_00037_36.00s.jpg,1080,36.0,37,False,0.01987461985322237,0,0.0004123263888888889,0.0915017361111111,0.5471791064097886,smartboard,30.0,8665,data\raw_videos\input_video_4.mp4
input_video_4,data\frames\input_video_4\input_video_4_frame_00038_37.00s.jpg,1110,37.0,38,False,0.019890554149290696,0,0.00040364583333333333,0.0915017361111111,0.5471918498493388,smartboard,30.0,8665,data\raw_videos\input_video_4.mp4
input_video_4,data\frames\input_video_4\input_video_4_frame_00039_38.00s.jpg,1140,38.0,39,False,0.006571758964179703,0,0.003337673611111111,0.02439670138888889,0.37155314525049143,unknown,30.0,8665,data\raw_videos\input_video_4.mp4
input_video_4,data\frames\input_video_4\input_video_4_frame_00040_39.00s.jpg,1170,39.0,40,False,0.009376195072205124,0,0.005360243055555556,0.06033854166666667,0.5220481242840791,unknown,30.0,8665,data\raw_videos\input_video_4.mp4
input_video_4,data\frames\input_video_4\input_video_4_frame_00041_40.00s.jpg,1200,40.0,41,False,0.00938985304026369,0,0.005360243055555556,0.06033420138888889,0.522044895171481,unknown,30.0,8665,data\raw_videos\input_video_4.mp4
input_video_4,data\frames\input_video_4\input_video_4_frame_00042_41.00s.jpg,1230,41.0,42,False,0.009376195072205124,0,0.005360243055555556,0.06033854166666667,0.5220481242840791,unknown,30.0,8665,data\raw_videos\input_video_4.mp4
input_video_4,data\frames\input_video_4\input_video_4_frame_00043_42.00s.jpg,1260,42.0,43,False,0.00938985304026369,0,0.005360243055555556,0.06033420138888889,0.522044895171481,unknown,30.0,8665,data\raw_videos\input_video_4.mp4
input_video_4,data\frames\input_video_4\input_video_4_frame_00044_43.00s.jpg,1290,43.0,44,False,0.008697849325296377,0,0.005381944444444444,0.0603515625,0.5220606839442059,unknown,30.0,8665,data\raw_videos\input_video_4.mp4
input_video_4,data\frames\input_video_4\input_video_4_frame_00045_44.00s.jpg,1320,44.0,45,False,0.008706954637335422,0,0.005381944444444444,0.06034288194444445,0.5220517087754398,unknown,30.0,8665,data\raw_videos\input_video_4.mp4
input_video_4,data\frames\input_video_4\input_video_4_frame_00046_45.00s.jpg,1350,45.0,46,False,0.008697849325296377,0,0.005381944444444444,0.0603515625,0.5220606839442059,unknown,30.0,8665,data\raw_videos\input_video_4.mp4
input_video_4,data\frames\input_video_4\input_video_4_frame_00047_46.00s.jpg,1380,46.0,47,False,0.008706954637335422,0,0.005381944444444444,0.06034288194444445,0.5220517087754398,unknown,30.0,8665,data\raw_videos\input_video_4.mp4
input_video_4,data\frames\input_video_4\input_video_4_frame_00048_47.00s.jpg,1410,47.0,48,False,0.017450330522827018,0,0.005381944444444444,0.0603515625,0.5220622880287465,unknown,30.0,8665,data\raw_videos\input_video_4.mp4
input_video_4,data\frames\input_video_4\input_video_4_frame_00049_48.00s.jpg,1440,48.0,49,False,0.008706954637335422,0,0.005381944444444444,0.06034288194444445,0.5220517087754398,unknown,30.0,8665,data\raw_videos\input_video_4.mp4
input_video_4,data\frames\input_video_4\input_video_4_frame_00050_49.00s.jpg,1470,49.0,50,False,0.008697849325296377,0,0.005381944444444444,0.0603515625,0.5220606839442059,unknown,30.0,8665,data\raw_videos\input_video_4.mp4
input_video_4,data\frames\input_video_4\input_video_4_frame_00051_50.00s.jpg,1500,50.0,51,False,0.008706954637335422,0,0.005381944444444444,0.06034288194444445,0.5220517087754398,unknown,30.0,8665,data\raw_videos\input_video_4.mp4
input_video_4,data\frames\input_video_4\input_video_4_frame_00052_50.37s.jpg,1511,50.36666666666667,52,True,31.739305811010144,0,0.0017881944444444445,0.1979079861111111,0.6790344594269292,ppt,30.0,8665,data\raw_videos\input_video_4.mp4
input_video_4,data\frames\input_video_4\input_video_4_frame_00053_51.00s.jpg,1530,51.0,53,False,0.04345282537832572,0,0.0018012152777777779,0.19784288194444444,0.6790595127169583,ppt,30.0,8665,data\raw_videos\input_video_4.mp4
input_video_4,data\frames\input_video_4\input_video_4_frame_00054_52.00s.jpg,1560,52.0,54,False,0.028786444011436273,0,0.0017838541666666667,0.19774305555555555,0.6790664198293046,ppt,30.0,8665,data\raw_videos\input_video_4.mp4
input_video_4,data\frames\input_video_4\input_video_4_frame_00055_53.00s.jpg,1590,53.0,55,False,0.02875685174730938,0,0.0017838541666666667,0.19776909722222222,0.6790712146796769,ppt,30.0,8665,data\raw_videos\input_video_4.mp4
input_video_4,data\frames\input_video_4\input_video_4_frame_00056_54.00s.jpg,1620,54.0,56,False,0.028786444011436273,0,0.0017838541666666667,0.19774305555555555,0.6790664198293046,ppt,30.0,8665,data\raw_videos\input_video_4.mp4
input_video_4,data\frames\input_video_4\input_video_4_frame_00057_55.00s.jpg,1650,55.0,57,False,0.02875685174730938,0,0.0017838541666666667,0.19776909722222222,0.6790712146796769,ppt,30.0,8665,data\raw_videos\input_video_4.mp4
input_video_4,data\frames\input_video_4\input_video_4_frame_00058_56.00s.jpg,1680,56.0,58,False,0.028611166754684683,0,0.0017795138888888889,0.19776041666666666,0.6790648153507661,ppt,30.0,8665,data\raw_videos\input_video_4.mp4
input_video_4,data\frames\input_video_4\input_video_4_frame_00059_57.00s.jpg,1710,57.0,59,False,0.028590679802596834,0,0.0017795138888888889,0.19776041666666666,0.6790668742647169,ppt,30.0,8665,data\raw_videos\input_video_4.mp4
input_video_4,data\frames\input_video_4\input_video_4_frame_00060_58.00s.jpg,1740,58.0,60,False,0.028611166754684683,0,0.0017795138888888889,0.19776041666666666,0.6790648153507661,ppt,30.0,8665,data\raw_videos\input_video_4.mp4
input_video_4,data\frames\input_video_4\input_video_4_frame_00061_59.00s.jpg,1770,59.0,61,False,0.028590679802596834,0,0.0017795138888888889,0.19776041666666666,0.6790668742647169,ppt,30.0,8665,data\raw_videos\input_video_4.mp4
input_video_4,data\frames\input_video_4\input_video_4_frame_00062_60.00s.jpg,1800,60.0,62,False,0.028786444011436273,0,0.0017838541666666667,0.19774305555555555,0.6790664198293046,ppt,30.0,8665,data\raw_videos\input_video_4.mp4
input_video_4,data\frames\input_video_4\input_video_4_frame_00063_61.00s.jpg,1830,61.0,63,False,0.02875685174730938,0,0.0017838541666666667,0.19776909722222222,0.6790712146796769,ppt,30.0,8665,data\raw_videos\input_video_4.mp4
input_video_4,data\frames\input_video_4\input_video_4_frame_00064_62.00s.jpg,1860,62.0,64,False,0.028786444011436273,0,0.0017838541666666667,0.19774305555555555,0.6790664198293046,ppt,30.0,8665,data\raw_videos\input_video_4.mp4
input_video_4,data\frames\input_video_4\input_video_4_frame_00065_63.00s.jpg,1890,63.0,65,False,0.02875685174730938,0,0.0017838541666666667,0.19776909722222222,0.6790712146796769,ppt,30.0,8665,data\raw_videos\input_video_4.mp4
input_video_4,data\frames\input_video_4\input_video_4_frame_00066_64.00s.jpg,1920,64.0,66,False,0.2505872926265183,0,0.0017795138888888889,0.1978732638888889,0.6790548248909689,ppt,30.0,8665,data\raw_videos\input_video_4.mp4
input_video_4,data\frames\input_video_4\input_video_4_frame_00067_65.00s.jpg,1950,65.0,67,False,0.028590679802596834,0,0.0017795138888888889,0.19776041666666666,0.6790668742647169,ppt,30.0,8665,data\raw_videos\input_video_4.mp4
input_video_4,data\frames\input_video_4\input_video_4_frame_00068_66.00s.jpg,1980,66.0,68,False,0.028611166754684683,0,0.0017795138888888889,0.19776041666666666,0.6790648153507661,ppt,30.0,8665,data\raw_videos\input_video_4.mp4
input_video_4,data\frames\input_video_4\input_video_4_frame_00069_67.00s.jpg,2010,67.0,69,False,0.028590679802596834,0,0.0017795138888888889,0.19776041666666666,0.6790668742647169,ppt,30.0,8665,data\raw_videos\input_video_4.mp4
input_video_4,data\frames\input_video_4\input_video_4_frame_00070_68.00s.jpg,2040,68.0,70,False,0.028611166754684683,0,0.0017795138888888889,0.19776041666666666,0.6790648153507661,ppt,30.0,8665,data\raw_videos\input_video_4.mp4
input_video_4,data\frames\input_video_4\input_video_4_frame_00071_69.00s.jpg,2070,69.0,71,False,0.02875685174730938,0,0.0017838541666666667,0.19776909722222222,0.6790712146796769,ppt,30.0,8665,data\raw_videos\input_video_4.mp4
input_video_4,data\frames\input_video_4\input_video_4_frame_00072_70.00s.jpg,2100,70.0,72,False,0.028786444011436273,0,0.0017838541666666667,0.19774305555555555,0.6790664198293046,ppt,30.0,8665,data\raw_videos\input_video_4.mp4
input_video_4,data\frames\input_video_4\input_video_4_frame_00073_71.00s.jpg,2130,71.0,73,False,0.02875685174730938,0,0.0017838541666666667,0.19776909722222222,0.6790712146796769,ppt,30.0,8665,data\raw_videos\input_video_4.mp4
input_video_4,data\frames\input_video_4\input_video_4_frame_00074_72.00s.jpg,2160,72.0,74,False,0.028786444011436273,0,0.0017838541666666667,0.19774305555555555,0.6790664198293046,ppt,30.0,8665,data\raw_videos\input_video_4.mp4
input_video_4,data\frames\input_video_4\input_video_4_frame_00075_73.00s.jpg,2190,73.0,75,False,0.028590679802596834,0,0.0017795138888888889,0.19776041666666666,0.6790668742647169,ppt,30.0,8665,data\raw_videos\input_video_4.mp4
input_video_4,data\frames\input_video_4\input_video_4_frame_00076_74.00s.jpg,2220,74.0,76,False,0.028611166754684683,0,0.0017795138888888889,0.19776041666666666,0.6790648153507661,ppt,30.0,8665,data\raw_videos\input_video_4.mp4
input_video_4,data\frames\input_video_4\input_video_4_frame_00077_75.00s.jpg,2250,75.0,77,False,0.028590679802596834,0,0.0017795138888888889,0.19776041666666666,0.6790668742647169,ppt,30.0,8665,data\raw_videos\input_video_4.mp4
input_video_4,data\frames\input_video_4\input_video_4_frame_00078_76.00s.jpg,2280,76.0,78,False,0.028611166754684683,0,0.0017795138888888889,0.19776041666666666,0.6790648153507661,ppt,30.0,8665,data\raw_videos\input_video_4.mp4
input_video_4,data\frames\input_video_4\input_video_4_frame_00079_77.00s.jpg,2310,77.0,79,False,0.028841075883670533,0,0.0017838541666666667,0.19776909722222222,0.6790712146796769,ppt,30.0,8665,data\raw_videos\input_video_4.mp4
input_video_4,data\frames\input_video_4\input_video_4_frame_00080_78.00s.jpg,2340,78.0,80,False,0.028786444011436273,0,0.0017838541666666667,0.19774305555555555,0.6790664198293046,ppt,30.0,8665,data\raw_videos\input_video_4.mp4
input_video_4,data\frames\input_video_4\input_video_4_frame_00081_79.00s.jpg,2370,79.0,81,True,45.80645293464207,0,0.0027647569444444442,0.16328559027777778,0.6650859920830331,smartboard,30.0,8665,data\raw_videos\input_video_4.mp4
input_video_4,data\frames\input_video_4\input_video_4_frame_00082_80.00s.jpg,2400,80.0,82,False,0.04456367344708903,0,0.0027647569444444442,0.16319010416666666,0.6651190424082005,smartboard,30.0,8665,data\raw_videos\input_video_4.mp4
input_video_4,data\frames\input_video_4\input_video_4_frame_00083_81.00s.jpg,2430,81.0,83,False,0.04459781836723545,0,0.0027690972222222223,0.16319010416666666,0.6651176342644877,smartboard,30.0,8665,data\raw_videos\input_video_4.mp4
input_video_4,data\frames\input_video_4\input_video_4_frame_00084_82.00s.jpg,2460,82.0,84,False,0.023600968805200954,0,0.002816840277777778,0.16315538194444446,0.6651443314917551,smartboard,30.0,8665,data\raw_videos\input_video_4.mp4
input_video_4,data\frames\input_video_4\input_video_4_frame_00085_83.00s.jpg,2490,83.0,85,False,0.023607797789230237,0,0.002816840277777778,0.1631640625,0.6651445421184838,smartboard,30.0,8665,data\raw_videos\input_video_4.mp4
input_video_4,data\frames\input_video_4\input_video_4_frame_00086_84.00s.jpg,2520,84.0,86,False,0.023600968805200954,0,0.002816840277777778,0.16315538194444446,0.6651443314917551,smartboard,30.0,8665,data\raw_videos\input_video_4.mp4
input_video_4,data\frames\input_video_4\input_video_4_frame_00087_85.00s.jpg,2550,85.0,87,False,0.023607797789230237,0,0.002816840277777778,0.1631640625,0.6651445421184838,smartboard,30.0,8665,data\raw_videos\input_video_4.mp4
input_video_4,data\frames\input_video_4\input_video_4_frame_00088_86.00s.jpg,2580,86.0,88,False,0.023600968805200954,0,0.002816840277777778,0.16315538194444446,0.6651443314917551,smartboard,30.0,8665,data\raw_videos\input_video_4.mp4
input_video_4,data\frames\input_video_4\input_video_4_frame_00089_87.00s.jpg,2610,87.0,89,False,0.023607797789230237,0,0.002816840277777778,0.1631640625,0.6651445421184838,smartboard,30.0,8665,data\raw_videos\input_video_4.mp4
input_video_4,data\frames\input_video_4\input_video_4_frame_00090_88.00s.jpg,2640,88.0,90,False,0.023600968805200954,0,0.002816840277777778,0.16315538194444446,0.6651443314917551,smartboard,30.0,8665,data\raw_videos\input_video_4.mp4
input_video_4,data\frames\input_video_4\input_video_4_frame_00091_89.00s.jpg,2670,89.0,91,False,0.023607797789230237,0,0.002816840277777778,0.1631640625,0.6651445421184838,smartboard,30.0,8665,data\raw_videos\input_video_4.mp4
input_video_4,data\frames\input_video_4\input_video_4_frame_00092_90.00s.jpg,2700,90.0,92,False,0.023600968805200954,0,0.002816840277777778,0.16315538194444446,0.6651443314917551,smartboard,30.0,8665,data\raw_videos\input_video_4.mp4
input_video_4,data\frames\input_video_4\input_video_4_frame_00093_91.00s.jpg,2730,91.0,93,False,0.023607797789230237,0,0.002816840277777778,0.1631640625,0.6651445421184838,smartboard,30.0,8665,data\raw_videos\input_video_4.mp4
input_video_4,data\frames\input_video_4\input_video_4_frame_00094_92.00s.jpg,2760,92.0,94,False,0.023600968805200954,0,0.002816840277777778,0.16315538194444446,0.6651443314917551,smartboard,30.0,8665,data\raw_videos\input_video_4.mp4
input_video_4,data\frames\input_video_4\input_video_4_frame_00095_93.00s.jpg,2790,93.0,95,False,0.023607797789230237,0,0.002816840277777778,0.1631640625,0.6651445421184838,smartboard,30.0,8665,data\raw_videos\input_video_4.mp4
input_video_4,data\frames\input_video_4\input_video_4_frame_00096_94.00s.jpg,2820,94.0,96,False,0.025287727860433776,0,0.002816840277777778,0.16315538194444446,0.6651444256495764,smartboard,30.0,8665,data\raw_videos\input_video_4.mp4
input_video_4,data\frames\input_video_4\input_video_4_frame_00097_94.37s.jpg,2831,94.36666666666666,97,True,37.65411878790086,0,0.0028125,0.15680989583333332,0.650251881306369,smartboard,30.0,8665,data\raw_videos\input_video_4.mp4
input_video_4,data\frames\input_video_4\input_video_4_frame_00098_95.00s.jpg,2850,95.0,98,False,0.03928942144847304,0,0.0028125,0.15670572916666667,0.6502832680245587,smartboard,30.0,8665,data\raw_videos\input_video_4.mp4
input_video_4,data\frames\input_video_4\input_video_4_frame_00099_96.00s.jpg,2880,96.0,99,False,0.03924617121628758,0,0.0028125,0.15672743055555555,0.6502803246666709,smartboard,30.0,8665,data\raw_videos\input_video_4.mp4
input_video_4,data\frames\input_video_4\input_video_4_frame_00100_97.00s.jpg,2910,97.0,100,False,0.03928942144847304,0,0.0028125,0.15670572916666667,0.6502832680245587,smartboard,30.0,8665,data\raw_videos\input_video_4.mp4
input_video_4,data\frames\input_video_4\input_video_4_frame_00101_98.00s.jpg,2940,98.0,101,False,0.03924617121628758,0,0.0028125,0.15672743055555555,0.6502803246666709,smartboard,30.0,8665,data\raw_videos\input_video_4.mp4
input_video_4,data\frames\input_video_4\input_video_4_frame_00102_99.00s.jpg,2970,99.0,102,False,0.024982699907125816,0,0.002816840277777778,0.15665798611111112,0.650289934979191,smartboard,30.0,8665,data\raw_videos\input_video_4.mp4
input_video_4,data\frames\input_video_4\input_video_4_frame_00103_100.00s.jpg,3000,100.0,103,False,0.024916686394842753,0,0.002816840277777778,0.156640625,0.6502871812714339,smartboard,30.0,8665,data\raw_videos\input_video_4.mp4
input_video_4,data\frames\input_video_4\input_video_4_frame_00104_101.00s.jpg,3030,101.0,104,False,0.024982699907125816,0,0.002816840277777778,0.15665798611111112,0.650289934979191,smartboard,30.0,8665,data\raw_videos\input_video_4.mp4
input_video_4,data\frames\input_video_4\input_video_4_frame_00105_102.00s.jpg,3060,102.0,105,False,0.024916686394842753,0,0.002816840277777778,0.156640625,0.6502871812714339,smartboard,30.0,8665,data\raw_videos\input_video_4.mp4
input_video_4,data\frames\input_video_4\input_video_4_frame_00106_103.00s.jpg,3090,103.0,106,False,0.024982699907125816,0,0.002816840277777778,0.15665798611111112,0.650289934979191,smartboard,30.0,8665,data\raw_videos\input_video_4.mp4
input_video_4,data\frames\input_video_4\input_video_4_frame_00107_104.00s.jpg,3120,104.0,107,False,0.024916686394842753,0,0.002816840277777778,0.156640625,0.6502871812714339,smartboard,30.0,8665,data\raw_videos\input_video_4.mp4
input_video_4,data\frames\input_video_4\input_video_4_frame_00108_105.00s.jpg,3150,105.0,108,False,0.024982699907125816,0,0.002816840277777778,0.15665798611111112,0.650289934979191,smartboard,30.0,8665,data\raw_videos\input_video_4.mp4
input_video_4,data\frames\input_video_4\input_video_4_frame_00109_106.00s.jpg,3180,106.0,109,False,0.024916686394842753,0,0.002816840277777778,0.156640625,0.6502871812714339,smartboard,30.0,8665,data\raw_videos\input_video_4.mp4
input_video_4,data\frames\input_video_4\input_video_4_frame_00110_107.00s.jpg,3210,107.0,110,False,0.024982699907125816,0,0.002816840277777778,0.15665798611111112,0.650289934979191,smartboard,30.0,8665,data\raw_videos\input_video_4.mp4
input_video_4,data\frames\input_video_4\input_video_4_frame_00111_108.00s.jpg,3240,108.0,111,False,0.024916686394842753,0,0.002816840277777778,0.156640625,0.6502871812714339,smartboard,30.0,8665,data\raw_videos\input_video_4.mp4
input_video_4,data\frames\input_video_4\input_video_4_frame_00112_108.77s.jpg,3263,108.76666666666667,112,True,52.98392001893905,0,0.0028342013888888887,0.23070746527777777,0.6754826808755776,ppt,30.0,8665,data\raw_videos\input_video_4.mp4
input_video_4,data\frames\input_video_4\input_video_4_frame_00113_109.00s.jpg,3270,109.0,113,False,0.18493571649700435,0,0.0028342013888888887,0.23072048611111112,0.6755580614648425,ppt,30.0,8665,data\raw_videos\input_video_4.mp4
input_video_4,data\frames\input_video_4\input_video_4_frame_00114_110.00s.jpg,3300,110.0,114,False,0.0941489264837106,0,0.0028342013888888887,0.23010850694444446,0.6757110888970917,ppt,30.0,8665,data\raw_videos\input_video_4.mp4
input_video_4,data\frames\input_video_4\input_video_4_frame_00115_111.00s.jpg,3330,111.0,115,False,0.2767696173947881,0,0.0028472222222222223,0.23157986111111112,0.6753123507579363,ppt,30.0,8665,data\raw_videos\input_video_4.mp4
input_video_4,data\frames\input_video_4\input_video_4_frame_00116_112.00s.jpg,3360,112.0,116,False,0.0782169067433941,0,0.002829861111111111,0.23017795138888889,0.6757806834930394,ppt,30.0,8665,data\raw_videos\input_video_4.mp4
input_video_4,data\frames\input_video_4\input_video_4_frame_00117_113.00s.jpg,3390,113.0,117,False,0.07830795986378453,0,0.0028385416666666667,0.23021701388888888,0.6757830199056991,ppt,30.0,8665,data\raw_videos\input_video_4.mp4
input_video_4,data\frames\input_video_4\input_video_4_frame_00118_114.00s.jpg,3420,114.0,118,False,0.0782169067433941,0,0.002829861111111111,0.23017795138888889,0.6757806834930394,ppt,30.0,8665,data\raw_videos\input_video_4.mp4
input_video_4,data\frames\input_video_4\input_video_4_frame_00119_115.00s.jpg,3450,115.0,119,False,0.07830795986378453,0,0.0028385416666666667,0.23021701388888888,0.6757830199056991,ppt,30.0,8665,data\raw_videos\input_video_4.mp4
input_video_4,data\frames\input_video_4\input_video_4_frame_00120_116.00s.jpg,3480,116.0,120,False,0.07974432283794365,0,0.002829861111111111,0.23021701388888888,0.6757791810665459,ppt,30.0,8665,data\raw_videos\input_video_4.mp4
input_video_4,data\frames\input_video_4\input_video_4_frame_00121_117.00s.jpg,3510,117.0,121,False,0.07957815089323111,0,0.0028385416666666667,0.23018229166666668,0.6757840302059714,ppt,30.0,8665,data\raw_videos\input_video_4.mp4
input_video_4,data\frames\input_video_4\input_video_4_frame_00122_118.00s.jpg,3540,118.0,122,False,0.07960319050133847,0,0.002829861111111111,0.23021701388888888,0.6757791810665459,ppt,30.0,8665,data\raw_videos\input_video_4.mp4
input_video_4,data\frames\input_video_4\input_video_4_frame_00123_119.00s.jpg,3570,119.0,123,False,0.07957815089323111,0,0.0028385416666666667,0.23018229166666668,0.6757840302059714,ppt,30.0,8665,data\raw_videos\input_video_4.mp4
input_video_4,data\frames\input_video_4\input_video_4_frame_00124_120.00s.jpg,3600,120.0,124,False,0.1470143681823976,0,0.0028428819444444443,0.23077256944444444,0.6757428628398608,ppt,30.0,8665,data\raw_videos\input_video_4.mp4
input_video_4,data\frames\input_video_4\input_video_4_frame_00125_121.00s.jpg,3630,121.0,125,False,0.07830795986378453,0,0.0028385416666666667,0.23021701388888888,0.6757830199056991,ppt,30.0,8665,data\raw_videos\input_video_4.mp4
input_video_4,data\frames\input_video_4\input_video_4_frame_00126_122.00s.jpg,3660,122.0,126,False,0.0782169067433941,0,0.002829861111111111,0.23017795138888889,0.6757806834930394,ppt,30.0,8665,data\raw_videos\input_video_4.mp4
input_video_4,data\frames\input_video_4\input_video_4_frame_00127_123.00s.jpg,3690,123.0,127,False,0.07830795986378453,0,0.0028385416666666667,0.23021701388888888,0.6757830199056991,ppt,30.0,8665,data\raw_videos\input_video_4.mp4
input_video_4,data\frames\input_video_4\input_video_4_frame_00128_124.00s.jpg,3720,124.0,128,False,0.20489000783056835,0,0.0028342013888888887,0.23103732638888888,0.6756475925734022,ppt,30.0,8665,data\raw_videos\input_video_4.mp4
input_video_4,data\frames\input_video_4\input_video_4_frame_00129_125.00s.jpg,3750,125.0,129,False,0.07957815089323111,0,0.0028385416666666667,0.23018229166666668,0.6757840302059714,ppt,30.0,8665,data\raw_videos\input_video_4.mp4
input_video_4,data\frames\input_video_4\input_video_4_frame_00130_126.00s.jpg,3780,126.0,130,False,0.07960319050133847,0,0.002829861111111111,0.23021701388888888,0.6757791810665459,ppt,30.0,8665,data\raw_videos\input_video_4.mp4
input_video_4,data\frames\input_video_4\input_video_4_frame_00131_127.00s.jpg,3810,127.0,131,False,0.07957815089323111,0,0.0028385416666666667,0.23018229166666668,0.6757840302059714,ppt,30.0,8665,data\raw_videos\input_video_4.mp4
input_video_4,data\frames\input_video_4\input_video_4_frame_00132_128.00s.jpg,3840,128.0,132,False,2.5191393659060695,0,0.0028515625,0.23217013888888888,0.6750518980214235,ppt,30.0,8665,data\raw_videos\input_video_4.mp4
input_video_4,data\frames\input_video_4\input_video_4_frame_00133_129.00s.jpg,3870,129.0,133,False,0.07830795986378453,0,0.0028385416666666667,0.23021701388888888,0.6757830199056991,ppt,30.0,8665,data\raw_videos\input_video_4.mp4
input_video_4,data\frames\input_video_4\input_video_4_frame_00134_130.00s.jpg,3900,130.0,134,False,0.0782169067433941,0,0.002829861111111111,0.23017795138888889,0.6757806834930394,ppt,30.0,8665,data\raw_videos\input_video_4.mp4
input_video_4,data\frames\input_video_4\input_video_4_frame_00135_131.00s.jpg,3930,131.0,135,False,0.07830795986378453,0,0.0028385416666666667,0.23021701388888888,0.6757830199056991,ppt,30.0,8665,data\raw_videos\input_video_4.mp4
input_video_4,data\frames\input_video_4\input_video_4_frame_00136_132.00s.jpg,3960,132.0,136,False,0.0782169067433941,0,0.002829861111111111,0.23017795138888889,0.6757806834930394,ppt,30.0,8665,data\raw_videos\input_video_4.mp4
input_video_4,data\frames\input_video_4\input_video_4_frame_00137_133.00s.jpg,3990,133.0,137,False,0.10621118860743357,0,0.0028385416666666667,0.23018229166666668,0.6757838406547807,ppt,30.0,8665,data\raw_videos\input_video_4.mp4
input_video_4,data\frames\input_video_4\input_video_4_frame_00138_134.00s.jpg,4020,134.0,138,False,0.07960319050133847,0,0.002829861111111111,0.23021701388888888,0.6757791810665459,ppt,30.0,8665,data\raw_videos\input_video_4.mp4
input_video_4,data\frames\input_video_4\input_video_4_frame_00139_135.00s.jpg,4050,135.0,139,False,0.07957815089323111,0,0.0028385416666666667,0.23018229166666668,0.6757840302059714,ppt,30.0,8665,data\raw_videos\input_video_4.mp4
input_video_4,data\frames\input_video_4\input_video_4_frame_00140_136.00s.jpg,4080,136.0,140,False,0.07960319050133847,0,0.002829861111111111,0.23021701388888888,0.6757791810665459,ppt,30.0,8665,data\raw_videos\input_video_4.mp4
input_video_4,data\frames\input_video_4\input_video_4_frame_00141_137.00s.jpg,4110,137.0,141,False,0.1470553420865733,0,0.0028428819444444443,0.23077256944444444,0.6757428628398608,ppt,30.0,8665,data\raw_videos\input_video_4.mp4
input_video_4,data\frames\input_video_4\input_video_4_frame_00142_138.00s.jpg,4140,138.0,142,False,0.0782169067433941,0,0.002829861111111111,0.23017795138888889,0.6757806834930394,ppt,30.0,8665,data\raw_videos\input_video_4.mp4
input_video_4,data\frames\input_video_4\input_video_4_frame_00143_139.00s.jpg,4170,139.0,143,False,0.07830795986378453,0,0.0028385416666666667,0.23021701388888888,0.6757830199056991,ppt,30.0,8665,data\raw_videos\input_video_4.mp4
input_video_4,data\frames\input_video_4\input_video_4_frame_00144_140.00s.jpg,4200,140.0,144,False,0.0782169067433941,0,0.002829861111111111,0.23017795138888889,0.6757806834930394,ppt,30.0,8665,data\raw_videos\input_video_4.mp4
input_video_4,data\frames\input_video_4\input_video_4_frame_00145_141.00s.jpg,4230,141.0,145,False,0.5144478538779524,0,0.002864583333333333,0.23120659722222223,0.6754795048761897,ppt,30.0,8665,data\raw_videos\input_video_4.mp4
input_video_4,data\frames\input_video_4\input_video_4_frame_00146_142.00s.jpg,4260,142.0,146,False,0.08200471655163623,0,0.0028472222222222223,0.2301953125,0.6757796101230718,ppt,30.0,8665,data\raw_videos\input_video_4.mp4
input_video_4,data\frames\input_video_4\input_video_4_frame_00147_143.00s.jpg,4290,143.0,147,False,0.08190455811920674,0,0.0028385416666666667,0.23018229166666668,0.6757792480124065,ppt,30.0,8665,data\raw_videos\input_video_4.mp4
input_video_4,data\frames\input_video_4\input_video_4_frame_00148_144.00s.jpg,4320,144.0,148,False,0.08200471655163623,0,0.0028472222222222223,0.2301953125,0.6757796101230718,ppt,30.0,8665,data\raw_videos\input_video_4.mp4
input_video_4,data\frames\input_video_4\input_video_4_frame_00149_145.00s.jpg,4350,145.0,149,False,0.08190455811920674,0,0.0028385416666666667,0.23018229166666668,0.6757792480124065,ppt,30.0,8665,data\raw_videos\input_video_4.mp4
input_video_4,data\frames\input_video_4\input_video_4_frame_00150_146.00s.jpg,4380,146.0,150,False,0.0782169067433941,0,0.002829861111111111,0.23017795138888889,0.6757806834930394,ppt,30.0,8665,data\raw_videos\input_video_4.mp4
input_video_4,data\frames\input_video_4\input_video_4_frame_00151_147.00s.jpg,4410,147.0,151,False,0.07830795986378453,0,0.0028385416666666667,0.23021701388888888,0.6757830199056991,ppt,30.0,8665,data\raw_videos\input_video_4.mp4
input_video_4,data\frames\input_video_4\input_video_4_frame_00152_148.00s.jpg,4440,148.0,152,False,0.0782169067433941,0,0.002829861111111111,0.23017795138888889,0.6757806834930394,ppt,30.0,8665,data\raw_videos\input_video_4.mp4
input_video_4,data\frames\input_video_4\input_video_4_frame_00153_149.00s.jpg,4470,149.0,153,False,0.07830795986378453,0,0.0028385416666666667,0.23021701388888888,0.6757830199056991,ppt,30.0,8665,data\raw_videos\input_video_4.mp4
input_video_4,data\frames\input_video_4\input_video_4_frame_00154_150.00s.jpg,4500,150.0,154,False,0.8371469415256861,0,0.0028472222222222223,0.2301996527777778,0.6757680702726783,ppt,30.0,8665,data\raw_videos\input_video_4.mp4
input_video_4,data\frames\input_video_4\input_video_4_frame_00155_151.00s.jpg,4530,151.0,155,False,0.08190455811920674,0,0.0028385416666666667,0.23018229166666668,0.6757792480124065,ppt,30.0,8665,data\raw_videos\input_video_4.mp4
input_video_4,data\frames\input_video_4\input_video_4_frame_00156_151.07s.jpg,4532,151.06666666666666,156,True,46.97258390545044,0,0.0019444444444444444,0.12498263888888889,0.6270348693171942,smartboard,30.0,8665,data\raw_videos\input_video_4.mp4
input_video_4,data\frames\input_video_4\input_video_4_frame_00157_151.33s.jpg,4540,151.33333333333334,157,True,46.72916476972666,0,0.002864583333333333,0.2319878472222222,0.6752959671250707,ppt,30.0,8665,data\raw_videos\input_video_4.mp4
input_video_4,data\frames\input_video_4\input_video_4_frame_00158_152.00s.jpg,4560,152.0,158,False,0.27572478283830787,0,0.0028385416666666667,0.2302126736111111,0.675762839008073,ppt,30.0,8665,data\raw_videos\input_video_4.mp4
input_video_4,data\frames\input_video_4\input_video_4_frame_00159_153.00s.jpg,4590,153.0,159,False,0.0827627337788866,0,0.0028385416666666667,0.2302126736111111,0.6757651555624218,ppt,30.0,8665,data\raw_videos\input_video_4.mp4
input_video_4,data\frames\input_video_4\input_video_4_frame_00160_154.00s.jpg,4620,154.0,160,False,0.27663986669823176,0,0.0028428819444444443,0.23076388888888888,0.675742944043882,ppt,30.0,8665,data\raw_videos\input_video_4.mp4
input_video_4,data\frames\input_video_4\input_video_4_frame_00161_155.00s.jpg,4650,155.0,161,False,0.07830795986378453,0,0.0028385416666666667,0.23021701388888888,0.6757830199056991,ppt,30.0,8665,data\raw_videos\input_video_4.mp4
input_video_4,data\frames\input_video_4\input_video_4_frame_00162_155.67s.jpg,4670,155.66666666666666,162,True,46.97226749585708,0,0.0019444444444444444,0.12496961805555555,0.6270329021361485,smartboard,30.0,8665,data\raw_videos\input_video_4.mp4
input_video_4,data\frames\input_video_4\input_video_4_frame_00163_156.00s.jpg,4680,156.0,163,False,0.0250942399796041,0,0.001953125,0.12494791666666667,0.6270713242324628,smartboard,30.0,8665,data\raw_videos\input_video_4.mp4
input_video_4,data\frames\input_video_4\input_video_4_frame_00164_157.00s.jpg,4710,157.0,164,False,0.024991805219164862,0,0.001953125,0.1249435763888889,0.6270721393652818,smartboard,30.0,8665,data\raw_videos\input_video_4.mp4
input_video_4,data\frames\input_video_4\input_video_4_frame_00165_158.00s.jpg,4740,158.0,165,False,0.0184701254711999,0,0.0019487847222222222,0.12487847222222222,0.6271213558424611,smartboard,30.0,8665,data\raw_videos\input_video_4.mp4
input_video_4,data\frames\input_video_4\input_video_4_frame_00166_159.00s.jpg,4770,159.0,166,False,0.016243876677653743,0,0.0019487847222222222,0.12487847222222222,0.6271212631572602,smartboard,30.0,8665,data\raw_videos\input_video_4.mp4
input_video_4,data\frames\input_video_4\input_video_4_frame_00167_160.00s.jpg,4800,160.0,167,False,0.016255258317702546,0,0.0019487847222222222,0.12487847222222222,0.6271213558424611,smartboard,30.0,8665,data\raw_videos\input_video_4.mp4
input_video_4,data\frames\input_video_4\input_video_4_frame_00168_160.10s.jpg,4803,160.1,168,True,45.95410695099521,0,0.0023697916666666667,0.2330121527777778,0.6956720765357666,ppt,30.0,8665,data\raw_videos\input_video_4.mp4
input_video_4,data\frames\input_video_4\input_video_4_frame_00169_161.00s.jpg,4830,161.0,169,False,0.06410822573889607,0,0.0023741319444444443,0.23298611111111112,0.6956981865491256,ppt,30.0,8665,data\raw_videos\input_video_4.mp4
input_video_4,data\frames\input_video_4\input_video_4_frame_00170_162.00s.jpg,4860,162.0,170,False,0.06420383151530602,0,0.0023741319444444443,0.2329644097222222,0.6956980046973785,ppt,30.0,8665,data\raw_videos\input_video_4.mp4
input_video_4,data\frames\input_video_4\input_video_4_frame_00171_163.00s.jpg,4890,163.0,171,False,0.08482053429971045,0,0.0023741319444444443,0.23311197916666668,0.6957468719959233,ppt,30.0,8665,data\raw_videos\input_video_4.mp4
input_video_4,data\frames\input_video_4\input_video_4_frame_00172_164.00s.jpg,4920,164.0,172,False,0.08466802032305647,0,0.0023784722222222224,0.233125,0.6957448862661659,ppt,30.0,8665,data\raw_videos\input_video_4.mp4
input_video_4,data\frames\input_video_4\input_video_4_frame_00173_165.00s.jpg,4950,165.0,173,False,0.08461111212281244,0,0.0023741319444444443,0.23311197916666668,0.6957468726548061,ppt,30.0,8665,data\raw_videos\input_video_4.mp4
input_video_4,data\frames\input_video_4\input_video_4_frame_00174_166.00s.jpg,4980,166.0,174,False,0.08466802032305647,0,0.0023784722222222224,0.233125,0.6957448862661659,ppt,30.0,8665,data\raw_videos\input_video_4.mp4
input_video_4,data\frames\input_video_4\input_video_4_frame_00175_167.00s.jpg,5010,167.0,175,False,0.2787022198750751,0,0.0023828125,0.233359375,0.6958191914406084,ppt,30.0,8665,data\raw_videos\input_video_4.mp4
input_video_4,data\frames\input_video_4\input_video_4_frame_00176_168.00s.jpg,5040,168.0,176,False,0.08117840948409302,0,0.0023784722222222224,0.23319010416666666,0.695766961913675,ppt,30.0,8665,data\raw_videos\input_video_4.mp4
input_video_4,data\frames\input_video_4\input_video_4_frame_00177_169.00s.jpg,5070,169.0,177,False,0.08118296214011254,0,0.0023784722222222224,0.2331814236111111,0.6957685423961806,ppt,30.0,8665,data\raw_videos\input_video_4.mp4
input_video_4,data\frames\input_video_4\input_video_4_frame_00178_170.00s.jpg,5100,170.0,178,False,0.08117840948409302,0,0.0023784722222222224,0.23319010416666666,0.695766961913675,ppt,30.0,8665,data\raw_videos\input_video_4.mp4
input_video_4,data\frames\input_video_4\input_video_4_frame_00179_171.00s.jpg,5130,171.0,179,False,0.3752276328009761,0,0.0023741319444444443,0.2336111111111111,0.6956599841731551,ppt,30.0,8665,data\raw_videos\input_video_4.mp4
input_video_4,data\frames\input_video_4\input_video_4_frame_00180_172.00s.jpg,5160,172.0,180,False,0.08466802032305647,0,0.0023784722222222224,0.233125,0.6957448862661659,ppt,30.0,8665,data\raw_videos\input_video_4.mp4
input_video_4,data\frames\input_video_4\input_video_4_frame_00181_173.00s.jpg,5190,173.0,181,False,0.08461111212281244,0,0.0023741319444444443,0.23311197916666668,0.6957468726548061,ppt,30.0,8665,data\raw_videos\input_video_4.mp4
input_video_4,data\frames\input_video_4\input_video_4_frame_00182_173.07s.jpg,5192,173.06666666666666,182,True,49.42907644819988,0,0.0033506944444444443,0.17555989583333334,0.6595320809994282,smartboard,30.0,8665,data\raw_videos\input_video_4.mp4
input_video_4,data\frames\input_video_4\input_video_4_frame_00183_174.00s.jpg,5220,174.0,183,False,0.04720649026642143,0,0.003359375,0.17543836805555554,0.6595577620624904,smartboard,30.0,8665,data\raw_videos\input_video_4.mp4
input_video_4,data\frames\input_video_4\input_video_4_frame_00184_175.00s.jpg,5250,175.0,184,False,0.05337761550088321,0,0.003363715277777778,0.17528645833333334,0.6595703877674546,smartboard,30.0,8665,data\raw_videos\input_video_4.mp4
input_video_4,data\frames\input_video_4\input_video_4_frame_00185_176.00s.jpg,5280,176.0,185,False,0.02720439604465245,0,0.003363715277777778,0.1752734375,0.6595692756949679,smartboard,30.0,8665,data\raw_videos\input_video_4.mp4
input_video_4,data\frames\input_video_4\input_video_4_frame_00186_177.00s.jpg,5310,177.0,186,False,0.027238540964798864,0,0.003363715277777778,0.17529947916666666,0.6595691333614302,smartboard,30.0,8665,data\raw_videos\input_video_4.mp4
input_video_4,data\frames\input_video_4\input_video_4_frame_00187_178.00s.jpg,5340,178.0,187,False,0.02720439604465245,0,0.003363715277777778,0.1752734375,0.6595692756949679,smartboard,30.0,8665,data\raw_videos\input_video_4.mp4
input_video_4,data\frames\input_video_4\input_video_4_frame_00188_179.00s.jpg,5370,179.0,188,False,0.027238540964798864,0,0.003363715277777778,0.17529947916666666,0.6595691333614302,smartboard,30.0,8665,data\raw_videos\input_video_4.mp4
input_video_4,data\frames\input_video_4\input_video_4_frame_00189_180.00s.jpg,5400,180.0,189,False,0.02720439604465245,0,0.003363715277777778,0.1752734375,0.6595692756949679,smartboard,30.0,8665,data\raw_videos\input_video_4.mp4
input_video_4,data\frames\input_video_4\input_video_4_frame_00190_181.00s.jpg,5430,181.0,190,False,0.027238540964798864,0,0.003363715277777778,0.17529947916666666,0.6595691333614302,smartboard,30.0,8665,data\raw_videos\input_video_4.mp4
input_video_4,data\frames\input_video_4\input_video_4_frame_00191_182.00s.jpg,5460,182.0,191,False,0.02720439604465245,0,0.003363715277777778,0.1752734375,0.6595692756949679,smartboard,30.0,8665,data\raw_videos\input_video_4.mp4
input_video_4,data\frames\input_video_4\input_video_4_frame_00192_183.00s.jpg,5490,183.0,192,False,0.027238540964798864,0,0.003363715277777778,0.17529947916666666,0.6595691333614302,smartboard,30.0,8665,data\raw_videos\input_video_4.mp4
input_video_4,data\frames\input_video_4\input_video_4_frame_00193_184.00s.jpg,5520,184.0,193,False,0.02720439604465245,0,0.003363715277777778,0.1752734375,0.6595692756949679,smartboard,30.0,8665,data\raw_videos\input_video_4.mp4
input_video_4,data\frames\input_video_4\input_video_4_frame_00194_185.00s.jpg,5550,185.0,194,False,0.027238540964798864,0,0.003363715277777778,0.17529947916666666,0.6595691333614302,smartboard,30.0,8665,data\raw_videos\input_video_4.mp4
input_video_4,data\frames\input_video_4\input_video_4_frame_00195_186.00s.jpg,5580,186.0,195,False,0.02720439604465245,0,0.003363715277777778,0.1752734375,0.6595692756949679,smartboard,30.0,8665,data\raw_videos\input_video_4.mp4
input_video_4,data\frames\input_video_4\input_video_4_frame_00196_187.00s.jpg,5610,187.0,196,False,0.027238540964798864,0,0.003363715277777778,0.17529947916666666,0.6595691333614302,smartboard,30.0,8665,data\raw_videos\input_video_4.mp4
input_video_4,data\frames\input_video_4\input_video_4_frame_00197_188.00s.jpg,5640,188.0,197,False,0.02720439604465245,0,0.003363715277777778,0.1752734375,0.6595692756949679,smartboard,30.0,8665,data\raw_videos\input_video_4.mp4
input_video_4,data\frames\input_video_4\input_video_4_frame_00198_189.00s.jpg,5670,189.0,198,False,0.027238540964798864,0,0.003363715277777778,0.17529947916666666,0.6595691333614302,smartboard,30.0,8665,data\raw_videos\input_video_4.mp4
input_video_4,data\frames\input_video_4\input_video_4_frame_00199_190.00s.jpg,5700,190.0,199,False,0.02720439604465245,0,0.003363715277777778,0.1752734375,0.6595692756949679,smartboard,30.0,8665,data\raw_videos\input_video_4.mp4
input_video_4,data\frames\input_video_4\input_video_4_frame_00200_191.00s.jpg,5730,191.0,200,False,0.027238540964798864,0,0.003363715277777778,0.17529947916666666,0.6595691333614302,smartboard,30.0,8665,data\raw_videos\input_video_4.mp4
input_video_4,data\frames\input_video_4\input_video_4_frame_00201_192.00s.jpg,5760,192.0,201,False,0.20328292025567715,0,0.003359375,0.17534288194444445,0.6595554935895935,smartboard,30.0,8665,data\raw_videos\input_video_4.mp4
input_video_4,data\frames\input_video_4\input_video_4_frame_00202_193.00s.jpg,5790,193.0,202,False,0.027238540964798864,0,0.003363715277777778,0.17529947916666666,0.6595691333614302,smartboard,30.0,8665,data\raw_videos\input_video_4.mp4
input_video_4,data\frames\input_video_4\input_video_4_frame_00203_194.00s.jpg,5820,194.0,203,False,0.02720439604465245,0,0.003363715277777778,0.1752734375,0.6595692756949679,smartboard,30.0,8665,data\raw_videos\input_video_4.mp4
input_video_4,data\frames\input_video_4\input_video_4_frame_00204_195.00s.jpg,5850,195.0,204,False,0.027238540964798864,0,0.003363715277777778,0.17529947916666666,0.6595691333614302,smartboard,30.0,8665,data\raw_videos\input_video_4.mp4
input_video_4,data\frames\input_video_4\input_video_4_frame_00205_196.00s.jpg,5880,196.0,205,False,0.02720439604465245,0,0.003363715277777778,0.1752734375,0.6595692756949679,smartboard,30.0,8665,data\raw_videos\input_video_4.mp4
input_video_4,data\frames\input_video_4\input_video_4_frame_00206_197.00s.jpg,5910,197.0,206,False,0.027238540964798864,0,0.003363715277777778,0.17529947916666666,0.6595691333614302,smartboard,30.0,8665,data\raw_videos\input_video_4.mp4
input_video_4,data\frames\input_video_4\input_video_4_frame_00207_198.00s.jpg,5940,198.0,207,False,0.02720439604465245,0,0.003363715277777778,0.1752734375,0.6595692756949679,smartboard,30.0,8665,data\raw_videos\input_video_4.mp4
input_video_4,data\frames\input_video_4\input_video_4_frame_00208_199.00s.jpg,5970,199.0,208,False,0.027238540964798864,0,0.003363715277777778,0.17529947916666666,0.6595691333614302,smartboard,30.0,8665,data\raw_videos\input_video_4.mp4
input_video_4,data\frames\input_video_4\input_video_4_frame_00209_200.00s.jpg,6000,200.0,209,False,0.02720439604465245,0,0.003363715277777778,0.1752734375,0.6595692756949679,smartboard,30.0,8665,data\raw_videos\input_video_4.mp4
input_video_4,data\frames\input_video_4\input_video_4_frame_00210_201.00s.jpg,6030,201.0,210,False,0.027238540964798864,0,0.003363715277777778,0.17529947916666666,0.6595691333614302,smartboard,30.0,8665,data\raw_videos\input_video_4.mp4
input_video_4,data\frames\input_video_4\input_video_4_frame_00211_202.00s.jpg,6060,202.0,211,False,0.02720439604465245,0,0.003363715277777778,0.1752734375,0.6595692756949679,smartboard,30.0,8665,data\raw_videos\input_video_4.mp4
input_video_4,data\frames\input_video_4\input_video_4_frame_00212_203.00s.jpg,6090,203.0,212,False,0.027238540964798864,0,0.003363715277777778,0.17529947916666666,0.6595691333614302,smartboard,30.0,8665,data\raw_videos\input_video_4.mp4
input_video_4,data\frames\input_video_4\input_video_4_frame_00213_204.00s.jpg,6120,204.0,213,False,0.02720439604465245,0,0.003363715277777778,0.1752734375,0.6595692756949679,smartboard,30.0,8665,data\raw_videos\input_video_4.mp4
input_video_4,data\frames\input_video_4\input_video_4_frame_00214_205.00s.jpg,6150,205.0,214,False,0.02728406752499408,0,0.003363715277777778,0.17529947916666666,0.6595691333614302,smartboard,30.0,8665,data\raw_videos\input_video_4.mp4
input_video_4,data\frames\input_video_4\input_video_4_frame_00215_205.63s.jpg,6169,205.63333333333333,215,True,35.422843862109154,0,0.003363715277777778,0.12398871527777777,0.6326062379793567,smartboard,30.0,8665,data\raw_videos\input_video_4.mp4
input_video_4,data\frames\input_video_4\input_video_4_frame_00216_206.00s.jpg,6180,206.0,216,False,0.031294957478192775,0,0.003363715277777778,0.12397135416666667,0.6326626978518985,smartboard,30.0,8665,data\raw_videos\input_video_4.mp4
input_video_4,data\frames\input_video_4\input_video_4_frame_00217_207.00s.jpg,6210,207.0,217,False,0.03146340575091509,0,0.003363715277777778,0.123984375,0.6326611649590896,smartboard,30.0,8665,data\raw_videos\input_video_4.mp4
input_video_4,data\frames\input_video_4\input_video_4_frame_00218_208.00s.jpg,6240,208.0,218,False,0.031294957478192775,0,0.003363715277777778,0.12397135416666667,0.6326626978518985,smartboard,30.0,8665,data\raw_videos\input_video_4.mp4
input_video_4,data\frames\input_video_4\input_video_4_frame_00219_209.00s.jpg,6270,209.0,219,False,0.03146340575091509,0,0.003363715277777778,0.123984375,0.6326611649590896,smartboard,30.0,8665,data\raw_videos\input_video_4.mp4
input_video_4,data\frames\input_video_4\input_video_4_frame_00220_210.00s.jpg,6300,210.0,220,False,0.01868637663212718,0,0.003363715277777778,0.12397135416666667,0.6326982668921859,smartboard,30.0,8665,data\raw_videos\input_video_4.mp4
input_video_4,data\frames\input_video_4\input_video_4_frame_00221_211.00s.jpg,6330,211.0,221,False,0.018654508039990532,0,0.003363715277777778,0.12395833333333334,0.6326981547966284,smartboard,30.0,8665,data\raw_videos\input_video_4.mp4
input_video_4,data\frames\input_video_4\input_video_4_frame_00222_212.00s.jpg,6360,212.0,222,False,0.01868637663212718,0,0.003363715277777778,0.12397135416666667,0.6326982668921859,smartboard,30.0,8665,data\raw_videos\input_video_4.mp4
input_video_4,data\frames\input_video_4\input_video_4_frame_00223_213.00s.jpg,6390,213.0,223,False,0.018654508039990532,0,0.003363715277777778,0.12395833333333334,0.6326981547966284,smartboard,30.0,8665,data\raw_videos\input_video_4.mp4
input_video_4,data\frames\input_video_4\input_video_4_frame_00224_214.00s.jpg,6420,214.0,224,False,0.01868637663212718,0,0.003363715277777778,0.12397135416666667,0.6326982668921859,smartboard,30.0,8665,data\raw_videos\input_video_4.mp4
input_video_4,data\frames\input_video_4\input_video_4_frame_00225_215.00s.jpg,6450,215.0,225,False,0.018654508039990532,0,0.003363715277777778,0.12395833333333334,0.6326981547966284,smartboard,30.0,8665,data\raw_videos\input_video_4.mp4
input_video_4,data\frames\input_video_4\input_video_4_frame_00226_216.00s.jpg,6480,216.0,226,False,0.01868637663212718,0,0.003363715277777778,0.12397135416666667,0.6326982668921859,smartboard,30.0,8665,data\raw_videos\input_video_4.mp4
input_video_4,data\frames\input_video_4\input_video_4_frame_00227_217.00s.jpg,6510,217.0,227,False,0.018654508039990532,0,0.003363715277777778,0.12395833333333334,0.6326981547966284,smartboard,30.0,8665,data\raw_videos\input_video_4.mp4
input_video_4,data\frames\input_video_4\input_video_4_frame_00228_218.00s.jpg,6540,218.0,228,False,0.01868637663212718,0,0.003363715277777778,0.12397135416666667,0.6326982668921859,smartboard,30.0,8665,data\raw_videos\input_video_4.mp4
input_video_4,data\frames\input_video_4\input_video_4_frame_00229_219.00s.jpg,6570,219.0,229,False,0.018654508039990532,0,0.003363715277777778,0.12395833333333334,0.6326981547966284,smartboard,30.0,8665,data\raw_videos\input_video_4.mp4
input_video_4,data\frames\input_video_4\input_video_4_frame_00230_220.00s.jpg,6600,220.0,230,False,0.01868637663212718,0,0.003363715277777778,0.12397135416666667,0.6326982668921859,smartboard,30.0,8665,data\raw_videos\input_video_4.mp4
input_video_4,data\frames\input_video_4\input_video_4_frame_00231_221.00s.jpg,6630,221.0,231,False,0.018654508039990532,0,0.003363715277777778,0.12395833333333334,0.6326981547966284,smartboard,30.0,8665,data\raw_videos\input_video_4.mp4
input_video_4,data\frames\input_video_4\input_video_4_frame_00232_221.77s.jpg,6653,221.76666666666668,232,True,38.81667137107789,0,0.0016579861111111112,0.2025217013888889,0.6797466344078271,ppt,30.0,8665,data\raw_videos\input_video_4.mp4
input_video_4,data\frames\input_video_4\input_video_4_frame_00233_222.00s.jpg,6660,222.0,233,False,0.614918143244769,0,0.0016579861111111112,0.20262586805555555,0.6797249119947436,ppt,30.0,8665,data\raw_videos\input_video_4.mp4
input_video_4,data\frames\input_video_4\input_video_4_frame_00234_223.00s.jpg,6690,223.0,234,False,0.07523491705060732,0,0.0016536458333333334,0.20258680555555555,0.6797510658514652,ppt,30.0,8665,data\raw_videos\input_video_4.mp4
input_video_4,data\frames\input_video_4\input_video_4_frame_00235_224.00s.jpg,6720,224.0,235,False,0.07501411323366051,0,0.0016579861111111112,0.20257378472222223,0.679747168005223,ppt,30.0,8665,data\raw_videos\input_video_4.mp4
input_video_4,data\frames\input_video_4\input_video_4_frame_00236_225.00s.jpg,6750,225.0,236,False,0.07523491705060732,0,0.0016536458333333334,0.20258680555555555,0.6797510658514652,ppt,30.0,8665,data\raw_videos\input_video_4.mp4
input_video_4,data\frames\input_video_4\input_video_4_frame_00237_226.00s.jpg,6780,226.0,237,False,0.07501411323366051,0,0.0016579861111111112,0.20257378472222223,0.679747168005223,ppt,30.0,8665,data\raw_videos\input_video_4.mp4
input_video_4,data\frames\input_video_4\input_video_4_frame_00238_227.00s.jpg,6810,227.0,238,False,0.07559002422013002,0,0.0016493055555555556,0.2025824652777778,0.6797374336942165,ppt,30.0,8665,data\raw_videos\input_video_4.mp4
input_video_4,data\frames\input_video_4\input_video_4_frame_00239_228.00s.jpg,6840,228.0,239,False,0.07559912953216907,0,0.0016579861111111112,0.20255642361111112,0.6797391943046058,ppt,30.0,8665,data\raw_videos\input_video_4.mp4
input_video_4,data\frames\input_video_4\input_video_4_frame_00240_229.00s.jpg,6870,229.0,240,False,0.07559002422013002,0,0.0016493055555555556,0.2025824652777778,0.6797374336942165,ppt,30.0,8665,data\raw_videos\input_video_4.mp4
input_video_4,data\frames\input_video_4\input_video_4_frame_00241_230.00s.jpg,6900,230.0,241,False,0.07559912953216907,0,0.0016579861111111112,0.20255642361111112,0.6797391943046058,ppt,30.0,8665,data\raw_videos\input_video_4.mp4
input_video_4,data\frames\input_video_4\input_video_4_frame_00242_231.00s.jpg,6930,231.0,242,False,0.07559002422013002,0,0.0016493055555555556,0.2025824652777778,0.6797374336942165,ppt,30.0,8665,data\raw_videos\input_video_4.mp4
input_video_4,data\frames\input_video_4\input_video_4_frame_00243_232.00s.jpg,6960,232.0,243,False,0.07559912953216907,0,0.0016579861111111112,0.20255642361111112,0.6797391943046058,ppt,30.0,8665,data\raw_videos\input_video_4.mp4
input_video_4,data\frames\input_video_4\input_video_4_frame_00244_233.00s.jpg,6990,233.0,244,False,0.07559002422013002,0,0.0016493055555555556,0.2025824652777778,0.6797374336942165,ppt,30.0,8665,data\raw_videos\input_video_4.mp4
input_video_4,data\frames\input_video_4\input_video_4_frame_00245_234.00s.jpg,7020,234.0,245,False,0.07559912953216907,0,0.0016579861111111112,0.20255642361111112,0.6797391943046058,ppt,30.0,8665,data\raw_videos\input_video_4.mp4
input_video_4,data\frames\input_video_4\input_video_4_frame_00246_235.00s.jpg,7050,235.0,246,False,0.07559002422013002,0,0.0016493055555555556,0.2025824652777778,0.6797374336942165,ppt,30.0,8665,data\raw_videos\input_video_4.mp4
input_video_4,data\frames\input_video_4\input_video_4_frame_00247_236.00s.jpg,7080,236.0,247,False,0.07559912953216907,0,0.0016579861111111112,0.20255642361111112,0.6797391943046058,ppt,30.0,8665,data\raw_videos\input_video_4.mp4
input_video_4,data\frames\input_video_4\input_video_4_frame_00248_237.00s.jpg,7110,237.0,248,False,0.07559002422013002,0,0.0016493055555555556,0.2025824652777778,0.6797374336942165,ppt,30.0,8665,data\raw_videos\input_video_4.mp4
input_video_4,data\frames\input_video_4\input_video_4_frame_00249_238.00s.jpg,7140,238.0,249,False,0.07559912953216907,0,0.0016579861111111112,0.20255642361111112,0.6797391943046058,ppt,30.0,8665,data\raw_videos\input_video_4.mp4
input_video_4,data\frames\input_video_4\input_video_4_frame_00250_239.00s.jpg,7170,239.0,250,False,0.1584642980714949,0,0.0016536458333333334,0.20274739583333334,0.6796588675772339,ppt,30.0,8665,data\raw_videos\input_video_4.mp4
input_video_4,data\frames\input_video_4\input_video_4_frame_00251_240.00s.jpg,7200,240.0,251,False,0.07559912953216907,0,0.0016579861111111112,0.20255642361111112,0.6797391943046058,ppt,30.0,8665,data\raw_videos\input_video_4.mp4
input_video_4,data\frames\input_video_4\input_video_4_frame_00252_241.00s.jpg,7230,241.0,252,False,0.07559002422013002,0,0.0016493055555555556,0.2025824652777778,0.6797374336942165,ppt,30.0,8665,data\raw_videos\input_video_4.mp4
input_video_4,data\frames\input_video_4\input_video_4_frame_00253_242.00s.jpg,7260,242.0,253,False,0.07559912953216907,0,0.0016579861111111112,0.20255642361111112,0.6797391943046058,ppt,30.0,8665,data\raw_videos\input_video_4.mp4
input_video_4,data\frames\input_video_4\input_video_4_frame_00254_243.00s.jpg,7290,243.0,254,False,0.07559002422013002,0,0.0016493055555555556,0.2025824652777778,0.6797374336942165,ppt,30.0,8665,data\raw_videos\input_video_4.mp4
input_video_4,data\frames\input_video_4\input_video_4_frame_00255_244.00s.jpg,7320,244.0,255,False,0.07559912953216907,0,0.0016579861111111112,0.20255642361111112,0.6797391943046058,ppt,30.0,8665,data\raw_videos\input_video_4.mp4
input_video_4,data\frames\input_video_4\input_video_4_frame_00256_245.00s.jpg,7350,245.0,256,False,0.07559002422013002,0,0.0016493055555555556,0.2025824652777778,0.6797374336942165,ppt,30.0,8665,data\raw_videos\input_video_4.mp4
input_video_4,data\frames\input_video_4\input_video_4_frame_00257_246.00s.jpg,7380,246.0,257,False,0.07559912953216907,0,0.0016579861111111112,0.20255642361111112,0.6797391943046058,ppt,30.0,8665,data\raw_videos\input_video_4.mp4
input_video_4,data\frames\input_video_4\input_video_4_frame_00258_247.00s.jpg,7410,247.0,258,False,0.07559002422013002,0,0.0016493055555555556,0.2025824652777778,0.6797374336942165,ppt,30.0,8665,data\raw_videos\input_video_4.mp4
input_video_4,data\frames\input_video_4\input_video_4_frame_00259_248.00s.jpg,7440,248.0,259,False,0.07559912953216907,0,0.0016579861111111112,0.20255642361111112,0.6797391943046058,ppt,30.0,8665,data\raw_videos\input_video_4.mp4
input_video_4,data\frames\input_video_4\input_video_4_frame_00260_248.40s.jpg,7452,248.4,260,True,43.75115409830095,0,0.0019487847222222222,0.1532248263888889,0.6402694761919232,smartboard,30.0,8665,data\raw_videos\input_video_4.mp4
input_video_4,data\frames\input_video_4\input_video_4_frame_00261_249.00s.jpg,7470,249.0,261,False,0.03005663504088285,0,0.0019444444444444444,0.15318142361111112,0.640288217397573,smartboard,30.0,8665,data\raw_videos\input_video_4.mp4
input_video_4,data\frames\input_video_4\input_video_4_frame_00262_250.00s.jpg,7500,250.0,262,False,0.030024766448746198,0,0.0019444444444444444,0.15319010416666667,0.6402894676811477,smartboard,30.0,8665,data\raw_videos\input_video_4.mp4
input_video_4,data\frames\input_video_4\input_video_4_frame_00263_251.00s.jpg,7530,251.0,263,False,0.03005663504088285,0,0.0019444444444444444,0.15318142361111112,0.640288217397573,smartboard,30.0,8665,data\raw_videos\input_video_4.mp4
input_video_4,data\frames\input_video_4\input_video_4_frame_00264_252.00s.jpg,7560,252.0,264,False,0.021440733523937865,0,0.0019487847222222222,0.1531467013888889,0.6403001077133051,smartboard,30.0,8665,data\raw_videos\input_video_4.mp4
input_video_4,data\frames\input_video_4\input_video_4_frame_00265_253.00s.jpg,7590,253.0,265,False,0.021440733523937865,0,0.001953125,0.15313802083333333,0.6403012543207817,smartboard,30.0,8665,data\raw_videos\input_video_4.mp4
input_video_4,data\frames\input_video_4\input_video_4_frame_00266_254.00s.jpg,7620,254.0,266,False,0.021440733523937865,0,0.0019487847222222222,0.1531467013888889,0.6403001077133051,smartboard,30.0,8665,data\raw_videos\input_video_4.mp4
input_video_4,data\frames\input_video_4\input_video_4_frame_00267_255.00s.jpg,7650,255.0,267,False,0.021440733523937865,0,0.001953125,0.15313802083333333,0.6403012543207817,smartboard,30.0,8665,data\raw_videos\input_video_4.mp4
input_video_4,data\frames\input_video_4\input_video_4_frame_00268_256.00s.jpg,7680,256.0,268,False,0.18323757580172273,0,0.0019444444444444444,0.15315104166666665,0.6402906073394267,smartboard,30.0,8665,data\raw_videos\input_video_4.mp4
input_video_4,data\frames\input_video_4\input_video_4_frame_00269_257.00s.jpg,7710,257.0,269,False,0.021440733523937865,0,0.001953125,0.15313802083333333,0.6403012543207817,smartboard,30.0,8665,data\raw_videos\input_video_4.mp4
input_video_4,data\frames\input_video_4\input_video_4_frame_00270_257.87s.jpg,7736,257.8666666666667,270,True,39.71819286871961,0,0.0019487847222222222,0.16694444444444445,0.6549097996908847,ppt,30.0,8665,data\raw_videos\input_video_4.mp4
input_video_4,data\frames\input_video_4\input_video_4_frame_00271_258.00s.jpg,7740,258.0,271,False,0.0356768888969825,0,0.0019487847222222222,0.16684027777777777,0.6549273213009121,ppt,30.0,8665,data\raw_videos\input_video_4.mp4
input_video_4,data\frames\input_video_4\input_video_4_frame_00272_259.00s.jpg,7770,259.0,272,False,0.032328410394624224,0,0.0019487847222222222,0.16686197916666667,0.6549333339611809,ppt,30.0,8665,data\raw_videos\input_video_4.mp4
input_video_4,data\frames\input_video_4\input_video_4_frame_00273_260.00s.jpg,7800,260.0,273,False,0.032301094458507096,0,0.0019487847222222222,0.16684027777777777,0.6549333675255212,ppt,30.0,8665,data\raw_videos\input_video_4.mp4
input_video_4,data\frames\input_video_4\input_video_4_frame_00274_261.00s.jpg,7830,261.0,274,False,0.023983391910840784,0,0.001953125,0.16682725694444445,0.6549420796433524,ppt,30.0,8665,data\raw_videos\input_video_4.mp4
input_video_4,data\frames\input_video_4\input_video_4_frame_00275_262.00s.jpg,7860,262.0,275,False,0.023981115582831024,0,0.0019487847222222222,0.1668315972222222,0.6549396376346589,ppt,30.0,8665,data\raw_videos\input_video_4.mp4
input_video_4,data\frames\input_video_4\input_video_4_frame_00276_263.00s.jpg,7890,263.0,276,False,0.023983391910840784,0,0.001953125,0.16682725694444445,0.6549420796433524,ppt,30.0,8665,data\raw_videos\input_video_4.mp4
input_video_4,data\frames\input_video_4\input_video_4_frame_00277_264.00s.jpg,7920,264.0,277,False,0.023981115582831024,0,0.0019487847222222222,0.1668315972222222,0.6549396376346589,ppt,30.0,8665,data\raw_videos\input_video_4.mp4
input_video_4,data\frames\input_video_4\input_video_4_frame_00278_265.00s.jpg,7950,265.0,278,False,0.023983391910840784,0,0.001953125,0.16682725694444445,0.6549420796433524,ppt,30.0,8665,data\raw_videos\input_video_4.mp4
input_video_4,data\frames\input_video_4\input_video_4_frame_00279_265.37s.jpg,7961,265.3666666666667,279,True,41.425388796824066,0,0.0019487847222222222,0.16535590277777779,0.6687966712233535,ppt,30.0,8665,data\raw_videos\input_video_4.mp4
input_video_4,data\frames\input_video_4\input_video_4_frame_00280_266.00s.jpg,7980,266.0,280,False,0.04302487571249067,0,0.0019487847222222222,0.1653125,0.6688312612091288,ppt,30.0,8665,data\raw_videos\input_video_4.mp4
input_video_4,data\frames\input_video_4\input_video_4_frame_00281_267.00s.jpg,8010,267.0,281,False,0.04304308633656875,0,0.001953125,0.16532118055555556,0.668829238998842,ppt,30.0,8665,data\raw_videos\input_video_4.mp4
input_video_4,data\frames\input_video_4\input_video_4_frame_00282_268.00s.jpg,8040,268.0,282,False,0.04302487571249067,0,0.0019487847222222222,0.1653125,0.6688312612091288,ppt,30.0,8665,data\raw_videos\input_video_4.mp4
input_video_4,data\frames\input_video_4\input_video_4_frame_00283_268.10s.jpg,8043,268.1,283,True,50.08679183435616,0,0.005377604166666667,0.2044748263888889,0.6725429349390106,smartboard,30.0,8665,data\raw_videos\input_video_4.mp4
input_video_4,data\frames\input_video_4\input_video_4_frame_00284_269.00s.jpg,8070,269.0,284,False,0.09742683881776629,0,0.005347222222222222,0.20451388888888888,0.6725877607383057,smartboard,30.0,8665,data\raw_videos\input_video_4.mp4
input_video_4,data\frames\input_video_4\input_video_4_frame_00285_270.00s.jpg,8100,270.0,285,False,0.06785050898694298,0,0.005338541666666667,0.20452690972222223,0.6725847823791787,smartboard,30.0,8665,data\raw_videos\input_video_4.mp4
input_video_4,data\frames\input_video_4\input_video_4_frame_00286_271.00s.jpg,8130,271.0,286,False,0.0674475989292153,0,0.005347222222222222,0.20451388888888888,0.6725875294439074,smartboard,30.0,8665,data\raw_videos\input_video_4.mp4
input_video_4,data\frames\input_video_4\input_video_4_frame_00287_272.00s.jpg,8160,272.0,287,False,0.06785050898694298,0,0.005338541666666667,0.20452690972222223,0.6725847823791787,smartboard,30.0,8665,data\raw_videos\input_video_4.mp4
input_video_4,data\frames\input_video_4\input_video_4_frame_00288_273.00s.jpg,8190,273.0,288,False,0.0674475989292153,0,0.005347222222222222,0.20451388888888888,0.6725875294439074,smartboard,30.0,8665,data\raw_videos\input_video_4.mp4
input_video_4,data\frames\input_video_4\input_video_4_frame_00289_274.00s.jpg,8220,274.0,289,False,0.07314980059366634,0,0.005347222222222222,0.20449652777777777,0.6725575236668672,smartboard,30.0,8665,data\raw_videos\input_video_4.mp4
input_video_4,data\frames\input_video_4\input_video_4_frame_00290_275.00s.jpg,8250,275.0,290,False,0.07259437655928469,0,0.005360243055555556,0.2044748263888889,0.6725585099952373,smartboard,30.0,8665,data\raw_videos\input_video_4.mp4
input_video_4,data\frames\input_video_4\input_video_4_frame_00291_276.00s.jpg,8280,276.0,291,False,0.07314980059366634,0,0.005347222222222222,0.20449652777777777,0.6725575236668672,smartboard,30.0,8665,data\raw_videos\input_video_4.mp4
input_video_4,data\frames\input_video_4\input_video_4_frame_00292_277.00s.jpg,8310,277.0,292,False,0.07259437655928469,0,0.005360243055555556,0.2044748263888889,0.6725585099952373,smartboard,30.0,8665,data\raw_videos\input_video_4.mp4
input_video_4,data\frames\input_video_4\input_video_4_frame_00293_278.00s.jpg,8340,278.0,293,False,0.07314980059366634,0,0.005347222222222222,0.20449652777777777,0.6725575236668672,smartboard,30.0,8665,data\raw_videos\input_video_4.mp4
input_video_4,data\frames\input_video_4\input_video_4_frame_00294_279.00s.jpg,8370,279.0,294,False,0.07259437655928469,0,0.005360243055555556,0.2044748263888889,0.6725585099952373,smartboard,30.0,8665,data\raw_videos\input_video_4.mp4
input_video_4,data\frames\input_video_4\input_video_4_frame_00295_280.00s.jpg,8400,280.0,295,False,0.07314980059366634,0,0.005347222222222222,0.20449652777777777,0.6725575236668672,smartboard,30.0,8665,data\raw_videos\input_video_4.mp4
input_video_4,data\frames\input_video_4\input_video_4_frame_00296_280.73s.jpg,8422,280.73333333333335,296,True,32.73725256314534,0,0.0034765625,0.06090277777777778,0.42323734619888986,unknown,30.0,8665,data\raw_videos\input_video_4.mp4
input_video_4,data\frames\input_video_4\input_video_4_frame_00297_281.00s.jpg,8430,281.0,297,False,0.011952998379254457,0,0.0034895833333333333,0.060907118055555556,0.42325268238156577,unknown,30.0,8665,data\raw_videos\input_video_4.mp4
input_video_4,data\frames\input_video_4\input_video_4_frame_00298_282.00s.jpg,8460,282.0,298,False,0.008993771966565294,0,0.0035026041666666665,0.06089409722222222,0.4232888768386133,unknown,30.0,8665,data\raw_videos\input_video_4.mp4
input_video_4,data\frames\input_video_4\input_video_4_frame_00299_283.00s.jpg,8490,283.0,299,False,0.009000600950594576,0,0.0034852430555555557,0.06089409722222222,0.42328531795218277,unknown,30.0,8665,data\raw_videos\input_video_4.mp4
input_video_4,data\frames\input_video_4\input_video_4_frame_00300_284.00s.jpg,8520,284.0,300,False,0.008993771966565294,0,0.0035026041666666665,0.06089409722222222,0.4232888768386133,unknown,30.0,8665,data\raw_videos\input_video_4.mp4
input_video_4,data\frames\input_video_4\input_video_4_frame_00301_285.00s.jpg,8550,285.0,301,False,0.009000600950594576,0,0.0034852430555555557,0.06089409722222222,0.42328531795218277,unknown,30.0,8665,data\raw_videos\input_video_4.mp4
input_video_4,data\frames\input_video_4\input_video_4_frame_00302_286.00s.jpg,8580,286.0,302,False,0.009574235609054323,0,0.0035026041666666665,0.06089409722222222,0.4232885662478143,unknown,30.0,8665,data\raw_videos\input_video_4.mp4
input_video_4,data\frames\input_video_4\input_video_4_frame_00303_287.00s.jpg,8610,287.0,303,False,0.009000600950594576,0,0.0034852430555555557,0.06089409722222222,0.42328531795218277,unknown,30.0,8665,data\raw_videos\input_video_4.mp4
input_video_4,data\frames\input_video_4\input_video_4_frame_00304_288.00s.jpg,8640,288.0,304,False,0.008993771966565294,0,0.0035026041666666665,0.06089409722222222,0.4232888768386133,unknown,30.0,8665,data\raw_videos\input_video_4.mp4
